"Species","Body_mass_g_scaled","Scavenger","Vertebrates","Insects","Worms","Crustaceans","Molluscs","Fish","Seeds","Fruits","Plants","Nectar","Sap","Foraging_technique","Foraging_stra_terr_aqua","Foraging_stra_betw_1_2","Foraging_stra_above_2m","Foraging_stra_air","Social_Foraging","Diurnal","Crepuscular","Nocturnal","Seasonality","Irruptive","Duration_scaled","Mean_frequency_scaled","Entropy_scaled"
"Accipiter_cooperii","0.418","0","1","0","0","0","0","0","0","0","0","0","0","Air hawker","0","0","1","0","Solitary","1","0","0","WV","0","-0.4","-0.801","0.098"
"Accipiter_striatus","-0.202","0","1","1","0","0","0","0","0","0","0","0","0","Air hawker","0","0","1","0","Solitary","1","0","0","WV","0","1.054","-0.01","-0.192"
"Actitis_macularius","-0.435","0","0","1","1","1","1","1","0","0","0","0","0","Ground gleaner","1","0","0","0","Solitary","1","0","0","WV","0","-0.398","-0.374","-1.133"
"Aechmophorus_occidentalis","1.588","0","0","1","0","0","0","1","0","0","0","0","0","Surface diver","1","0","0","0","Solitary","1","0","0","WV","0","-0.458","0.304","1.086"
"Aeronautes_saxatalis","-0.449","0","0","1","0","0","0","0","0","0","0","0","0","Air screener","0","0","0","1","Aggregation","1","0","0","SR","0","2.877","0.801","1.553"
"Agelaius_phoeniceus","-0.436","0","0","1","0","0","0","0","1","0","0","0","0","Ground gleaner","1","0","0","0","Aggregation","1","0","0","PR","0","0.148","-0.207","-0.129"
"Aimophila_ruficeps","-0.474","0","0","1","0","0","0","0","1","1","0","0","0","Ground gleaner","1","0","0","0","Pair","1","0","0","PR","0","0.121","1.023","1.197"
"Aix_sponsa","0.603","0","0","1","0","0","0","0","1","0","0","0","0","Dabbler","1","0","0","0","Aggregation","1","0","0","WV","0","-0.374","-0.449","0.863"
"Ammodramus_savannarum","-0.476","0","0","1","0","0","0","0","1","0","0","0","0","Ground gleaner","1","0","0","0","Solitary","1","0","0","T","0","0.405","2.431","0.555"
"Amphispiza_bilineata","-0.482","0","0","1","0","0","0","0","1","0","0","0","0","Ground gleaner","1","0","0","0","Pair","1","0","0","PR","0","0.133","1.348","0.214"
"Anas_acuta","1.043","0","0","1","0","1","1","0","1","0","1","0","0","Dabbler","1","0","0","0","Aggregation","1","0","1","WV","0","-0.274","-0.931","-0.221"
"Mereca_americana","0.75","0","0","0","0","0","0","0","1","0","1","0","0","Dabbler","1","0","0","0","Aggregation","1","0","1","WV","0","-0.378","-1.01","0.18"
"Spatula_clypeata","0.525","0","0","1","0","1","1","0","1","0","1","0","0","Surface dipper","1","0","0","0","Aggregation","1","0","1","WV","0","-0.528","-0.831","0.376"
"Anas_crecca","0.05","0","0","1","0","1","1","0","1","0","1","0","0","Dabbler","1","0","0","0","Aggregation","0","0","1","WV","0","-0.451","-0.802","-0.615"
"Spatula_cyanoptera","0.144","0","0","1","0","1","1","0","1","0","1","0","0","Surface dipper","1","0","0","0","Pair","1","0","1","PR","0","-0.469","-0.572","0.204"
"Spatula_discors","0.088","0","0","1","0","1","1","0","1","0","1","0","0","Surface dipper","1","0","0","0","Aggregation","1","0","1","T","0","-0.521","-0.578","1.051"
"Anas_platyrhynchos","1.406","0","0","1","1","1","1","0","1","0","1","0","0","Dabbler","1","0","0","0","Aggregation","1","0","1","PR","0","-0.452","-0.804","-0.033"
"Mereca_strepera","1.006","0","0","0","0","0","0","0","1","0","1","0","0","Dabbler","1","0","0","0","Aggregation","1","0","1","WV","0","-0.389","-0.575","0.406"
"Anthus_rubescens","-0.47","0","0","1","0","0","0","0","1","1","0","0","0","Ground gleaner","1","0","0","0","Aggregation","1","0","1","WV","0","0.17","1.278","0.518"
"Archilochus_alexandri","-0.499","0","0","1","0","0","0","0","0","0","0","1","0","Hover and gleaner","0","1","0","0","Solitary","1","0","0","SR","0","-0.371","-0.138","-0.517"
"Ardea_alba","0.912","0","0","1","0","1","0","1","0","0","0","0","0","Stalker and striker","1","0","0","0","Solitary","1","0","0","PR","0","-0.203","-1.245","0.194"
"Ardea_herodias","3.178","0","0","1","0","1","0","1","0","0","0","0","0","Stalker and striker","1","0","0","0","Solitary","1","0","1","PR","0","-0.4","-0.976","0.217"
"Artemisiospiza_nevadensis","-0.474","0","0","1","0","0","0","0","1","0","0","0","0","Ground gleaner","1","0","0","0","Aggregation","1","0","0","WV","0","-0.222","1.276","-2.001"
"Asio_flammeus","0.155","0","1","1","0","0","0","0","0","0","0","0","0","Ground hawker","1","0","0","0","Solitary","0","1","0","T","0","-0.407","-0.663","0.404"
"Asio_otus","0.083","0","1","0","0","0","0","0","0","0","0","0","0","Ground hawker","1","0","0","0","Pair","0","0","1","WV","0","-0.214","-2.034","-4.459"
"Athene_cunicularia","-0.233","0","1","1","0","0","0","0","0","0","0","0","0","Air hawker","1","0","0","0","Solitary","0","1","0","PR","0","-0.448","0.932","1.062"
"Auriparus_flaviceps","-0.494","0","0","1","0","0","0","0","0","1","0","0","0","Foliage gleaner","0","1","0","0","Pair","1","0","0","PR","0","-0.076","-0.005","0.422"
"Aythya_affinis","0.874","0","0","1","0","1","1","0","1","0","1","0","0","Surface diver","1","0","0","0","Aggregation","1","0","1","WV","0","-0.494","-1.28","0.101"
"Aythya_americana","1.301","0","0","1","0","1","1","0","1","0","1","0","0","Surface diver","1","0","0","0","Aggregation","1","0","1","WV","0","-0.398","-1.351","-0.408"
"Aythya_collaris","0.682","0","0","1","0","1","1","0","1","0","1","0","0","Surface diver","1","0","0","0","Aggregation","1","0","0","WV","0","-0.472","-1.434","-0.653"
"Aythya_valisineria","1.509","0","0","1","0","0","1","0","1","0","1","0","0","Surface diver","1","0","0","0","Aggregation","1","0","0","WV","0","-0.419","-1.063","0.271"
"Bartramia_longicauda","-0.219","0","0","1","1","0","0","0","0","0","1","0","0","Ground gleaner","1","0","0","0","Aggregation","1","0","0","T","0","1.276","-0.593","0.95"
"Bombycilla_cedrorum","-0.448","0","0","1","0","0","0","0","0","1","0","0","0","Foliage gleaner","0","0","1","0","Bonded","1","0","0","WV","1","-0.349","1.154","-0.997"
"Branta_canadensis","4.477","0","0","0","0","0","0","0","1","1","1","0","0","Surface dipper","1","0","0","0","Aggregation","1","0","0","WV","0","-0.394","-1.396","-1.013"
"Branta_hutchinsii","2.846","0","0","0","0","0","0","0","1","1","1","0","0","Surface dipper","1","0","0","0","Solitary","1","0","0","WV","0","-0.46","-0.964","-0.292"
"Bubo_virginianus","1.488","0","1","1","0","0","0","0","0","0","0","0","0","Ground hawker","1","0","0","0","Solitary","0","0","1","PR","0","-0.179","-1.902","-2.501"
"Bubulcus_ibis","0.123","0","0","1","0","1","1","0","0","0","0","0","0","Ground gleaner","1","0","0","0","Aggregation","1","0","0","PR","0","-0.484","0.136","1.348"
"Bucephala_albeola","0.078","0","0","1","0","1","1","1","1","0","1","0","0","Surface diver","1","0","0","0","Aggregation","1","0","1","WV","0","-0.413","-0.437","0.875"
"Buteo_albonotatus","1.041","0","1","0","0","0","0","0","0","0","0","0","0","Ground hawker","1","0","0","0","Solitary","1","0","0","T","0","0.751","-0.157","0.25"
"Buteo_jamaicensis","1.631","0","1","0","0","0","0","0","0","0","0","0","0","Ground hawker","1","0","0","0","Solitary","1","0","0","PR","0","-0.128","-0.161","0.645"
"Buteo_regalis","2.595","0","1","0","0","0","0","0","0","0","0","0","0","Ground hawker","1","0","0","0","Solitary","1","0","0","WV","0","0.141","-0.592","-0.216"
"Buteo_swainsoni","1.431","0","1","1","0","0","0","0","0","0","0","0","0","Ground hawker","1","0","0","0","Solitary","1","0","0","SR","0","-0.399","-0.863","-1.679"
"Buteogallus_anthracinus","1.588","0","1","0","0","0","0","0","0","0","0","0","0","Ground hawker","1","0","0","0","Solitary","1","0","0","T","0","-0.401","-0.194","0.03"
"Butorides_virescens","-0.135","0","0","1","0","0","0","1","0","0","1","0","0","Stalker and striker","1","0","0","0","Solitary","1","1","1","PR","0","-0.498","-0.876","-0.188"
"Calamospiza_melanocorys","-0.44","0","0","1","0","0","0","0","1","0","0","0","0","Ground gleaner","1","0","0","0","Aggregation","1","0","0","WV","0","-0.477","-0.609","-0.228"
"Calidris_mauri","-0.455","0","0","1","1","0","1","0","0","0","0","0","0","Prober","1","0","0","0","Aggregation","1","0","0","T","0","0.381","-0.24","0.843"
"Calidris_melanotos","-0.392","0","0","1","1","0","1","0","0","0","0","1","0","Ground gleaner","1","0","0","0","Aggregation","1","0","0","T","0","-0.492","-0.255","-0.366"
"Calidris_minutilla","-0.464","0","0","1","1","0","0","0","0","0","0","0","0","Ground gleaner","1","0","0","0","Aggregation","1","0","0","WV","0","-0.463","-0.82","0.159"
"Callipepla_gambelii","-0.223","0","0","1","0","0","0","0","1","0","1","0","0","Ground gleaner","1","0","0","0","Bonded","1","1","0","PR","0","-0.498","-0.944","0.631"
"Callipepla_squamata","-0.196","0","0","1","0","0","0","0","1","0","1","0","0","Ground gleaner","1","0","0","0","Bonded","1","1","0","PR","0","-0.285","-0.989","-1.415"
"Campylorhynchus_brunneicapillus","-0.437","0","0","1","0","0","0","0","1","0","0","0","0","Ground gleaner","0","1","0","0","Pair","1","0","0","PR","0","1.715","-0.968","0.017"
"Cardellina_pusilla","-0.494","0","0","1","0","0","0","0","0","1","0","0","0","Foliage gleaner","0","0","1","0","Solitary","1","0","0","T","0","-0.419","0.957","0.888"
"Cardinalis_cardinalis","-0.432","0","0","0","0","0","0","0","1","1","0","0","0","Ground gleaner","1","0","0","0","Bonded","1","1","0","PR","0","1.876","-0.125","1.095"
"Cardinalis_sinuatus","-0.445","0","0","0","0","0","0","0","1","1","0","0","0","Ground gleaner","1","0","0","0","Solitary","1","0","0","PR","0","0.873","-0.792","-0.426"
"Cathartes_aura","1.991","1","0","0","0","0","0","0","0","0","0","0","0","Ground scavenger","1","0","0","0","Solitary","1","0","0","SR","0","-0.055","-0.05","1.39"
"Catharus_guttatus","-0.453","0","0","1","0","0","0","0","0","1","0","0","0","Ground gleaner","1","0","0","0","Solitary","1","0","0","WV","0","-0.158","-0.404","0.089"
"Catharus_ustulatus","-0.452","0","0","1","0","0","0","0","0","1","0","0","0","Ground gleaner","1","0","0","0","Solitary","1","0","0","T","0","-0.322","-0.198","0.163"
"Catherpes_mexicanus","-0.483","0","0","1","0","0","0","0","0","0","0","0","0","Ground gleaner","1","0","0","0","Pair","1","0","0","PR","0","0.592","-0.031","0.937"
"Certhia_americana","-0.491","0","0","1","0","0","0","0","1","0","0","0","0","Bark gleaner","0","0","1","0","Solitary","1","0","0","WV","0","-0.214","1.954","-1.048"
"Charadrius_vociferus","-0.329","0","0","1","1","1","1","0","1","0","0","0","0","Ground gleaner","1","0","0","0","Pair","1","0","1","PR","0","-0.367","0.154","-2.441"
"Anser_caerulescens","3.889","0","0","0","0","0","0","0","1","0","1","0","0","Surface dipper","1","0","0","0","Aggregation","1","0","0","WV","0","-0.443","-1.203","-0.683"
"Anser_rossii","2.358","0","0","0","0","0","0","0","1","0","1","0","0","Surface dipper","1","0","0","0","Aggregation","1","0","0","WV","0","-0.461","-1.436","-0.715"
"Chondestes_grammacus","-0.455","0","0","1","0","0","0","0","1","0","0","0","0","Ground gleaner","1","0","0","0","Bonded","1","0","0","T","0","1.243","0.84","0.709"
"Chordeiles_acutipennis","-0.418","0","0","1","0","0","0","0","0","0","0","0","0","Air screener","0","0","0","1","Aggregation","0","1","1","SR","0","0.324","-1.619","-0.743"
"Chordeiles_minor","-0.367","0","0","1","0","0","0","0","0","0","0","0","0","Air screener","0","0","0","1","Aggregation","0","1","1","T","0","-0.405","0.581","0.322"
"Circus_hudsonius","0.394","1","1","0","0","0","0","0","0","0","0","0","0","Ground hawker","1","0","0","0","Solitary","1","0","0","WV","0","-0.309","0.481","0.053"
"Cistothorus_palustris","-0.489","0","0","1","0","0","0","0","0","0","0","0","0","Foliage gleaner","0","1","0","0","Bonded","1","0","0","WV","0","-0.348","1.407","1.36"
"Colaptes_auratus","-0.257","0","0","1","0","0","0","0","1","1","0","0","0","Ground gleaner","1","0","0","0","Solitary","1","0","0","WV","0","-0.416","-0.131","-1.439"
"Columba_livia","0.088","0","0","0","0","0","0","0","1","0","0","0","0","Ground gleaner","1","0","0","0","Aggregation","1","0","0","PR","0","-0.238","-1.378","-1.731"
"Columbina_inca","-0.422","0","0","0","0","0","0","0","1","0","0","0","0","Ground gleaner","1","0","0","0","Aggregation","1","0","0","PR","0","-0.167","-0.572","0.515"
"Contopus_cooperi","-0.449","0","0","1","0","0","0","0","0","0","0","0","0","Air sallier","0","0","1","0","Solitary","1","0","0","T","0","-0.074","-0.528","-0.516"
"Contopus_sordidulus","-0.483","0","0","1","0","0","0","0","0","0","0","0","0","Air sallier","0","1","0","0","Solitary","1","0","0","T","0","-0.192","0.202","-1.415"
"Corvus_brachyrhynchos","0.151","1","1","1","0","0","0","0","1","1","0","0","0","Ground forager","1","0","0","0","Aggregation","1","0","0","WV","0","0.708","-0.65","0.586"
"Corvus_cryptoleucus","0.388","1","1","1","0","0","0","0","1","1","0","0","0","Ground forager","1","0","0","0","Aggregation","1","0","0","PR","0","-0.317","-1.3","-0.739"
"Cyanocitta_stelleri","-0.282","0","0","1","0","0","0","0","1","1","0","0","0","Ground forager","1","0","0","0","Bonded","1","0","0","WV","1","0.111","-0.247","0.87"
"Egretta_thula","0.142","0","0","1","0","1","0","1","0","0","0","0","0","Stalker and striker","1","0","0","0","Aggregation","1","0","0","PR","0","-0.182","-1.189","0.188"
"Elanus_leucurus","0.099","0","1","0","0","0","0","0","0","0","0","0","0","Ground hawker","1","0","0","0","Solitary","1","0","0","WV","0","2.359","-0.045","-0.138"
"Empidonax_hammondii","-0.487","0","0","1","0","0","0","0","0","0","0","0","0","Air sallier","0","1","0","0","Solitary","1","0","0","T","0","-0.528","0.095","-0.841"
"Empidonax_minimus","-0.488","0","0","1","0","0","0","0","0","0","0","0","0","Air sallier","0","1","0","0","Solitary","1","0","0","T","0","-0.542","0.268","0.427"
"Empidonax_oberholseri","-0.487","0","0","1","0","0","0","0","0","0","0","0","0","Air sallier","0","1","0","0","Solitary","1","0","0","T","0","-0.442","0.402","-0.732"
"Empidonax_occidentalis","-0.485","0","0","1","0","0","0","0","0","0","0","0","0","Air sallier","0","1","0","0","Solitary","1","0","0","T","0","-0.389","-0.093","-1.247"
"Empidonax_traillii","-0.481","0","0","1","0","0","0","0","0","0","0","0","0","Air sallier","0","1","0","0","Solitary","1","0","0","T","0","-0.358","0.428","0.527"
"Empidonax_wrightii","-0.484","0","0","1","0","0","0","0","0","0","0","0","0","Air sallier","0","1","0","0","Solitary","1","0","0","T","0","-0.417","0.193","-0.288"
"Euphagus_cyanocephalus","-0.404","0","0","1","0","0","0","0","1","0","0","0","0","Ground gleaner","1","0","0","0","Aggregation","1","0","0","WV","0","-0.538","-0.158","1.507"
"Falco_columbarius","-0.125","0","1","1","0","0","0","0","0","0","0","0","0","Air hawker","0","1","0","0","Solitary","1","0","0","WV","0","-0.102","0.121","0.025"
"Falco_mexicanus","1.08","0","1","0","0","0","0","0","0","0","0","0","0","Air hawker","0","1","0","0","Solitary","1","0","0","WV","0","-0.254","-0.027","0.1"
"Falco_peregrinus","1.169","0","1","0","0","0","0","0","0","0","0","0","0","Air hawker","0","1","0","0","Solitary","1","0","0","T","0","-0.32","-0.43","0.667"
"Falco_sparverius","-0.296","0","1","1","0","0","0","0","0","0","0","0","0","Ground hawker","1","0","0","0","Bonded","1","0","0","PR","0","-0.456","0.269","-0.499"
"Fulica_americana","0.472","0","0","1","0","0","0","0","1","0","1","0","0","Surface dipper","1","0","0","0","Solitary","1","0","0","PR","0","-0.535","-0.57","1.737"
"Gallinago_delicata","-0.303","0","0","1","1","0","0","0","1","0","0","0","0","Prober","1","0","0","0","Bonded","1","0","0","WV","0","0.488","-0.729","-0.183"
"Gallinula_galeata","0.104","0","0","1","0","0","0","0","1","0","1","0","0","Surface dipper","1","0","0","0","Solitary","1","0","0","PR","0","-0.27","-1.101","-0.987"
"Geococcyx_californianus","0.151","0","1","1","0","0","0","0","0","0","0","0","0","Ground chaser","1","0","0","0","Solitary","1","0","0","PR","0","1.555","-1.486","-1.17"
"Geothlypis_tolmiei","-0.487","0","0","1","0","0","0","0","0","0","0","0","0","Foliage gleaner","0","1","0","0","Solitary","1","0","0","T","0","-0.335","1.027","-0.918"
"Geothlypis_trichas","-0.489","0","0","1","0","0","0","0","0","0","0","0","0","Foliage gleaner","0","1","0","0","Bonded","1","0","0","SR","0","-0.267","0.154","0.104"
"Haemorhous_mexicanus","-0.468","0","0","1","0","0","0","0","1","1","0","0","0","Ground gleaner","1","0","0","0","Aggregation","1","0","0","PR","0","1.442","0.174","0.659"
"Himantopus_mexicanus","-0.209","0","0","1","0","0","0","1","0","0","1","0","0","Prober","1","0","0","0","Bonded","1","0","1","PR","0","-0.543","-0.075","-0.283"
"Hirundo_rustica","-0.478","0","0","1","0","0","0","0","0","0","0","0","0","Air screener","0","0","0","1","Aggregation","1","0","0","SR","0","0.016","-0.124","0.069"
"Icteria_virens","-0.461","0","0","1","0","0","0","0","0","1","0","0","0","Foliage gleaner","0","1","0","0","Solitary","1","0","0","SR","0","-0.399","0.312","0.782"
"Icterus_bullockii","-0.439","0","0","1","0","0","0","0","0","1","0","1","0","Foliage gleaner","0","0","1","0","Solitary","1","0","0","SR","0","-0.181","-0.616","-1.108"
"Icterus_parisorum","-0.44","0","0","1","0","0","0","0","0","1","0","1","0","Foliage gleaner","0","0","1","0","Solitary","1","0","0","SR","0","-0.11","-0.071","1.208"
"Ictinia_mississippiensis","0.038","0","0","1","0","0","0","0","0","0","0","0","0","Air hawker","0","0","0","1","Solitary","1","0","0","SR","0","0.04","0.959","1.312"
"Junco_hyemalis","-0.474","0","0","1","0","0","0","0","1","0","0","0","0","Ground gleaner","1","0","0","0","Aggregation","1","0","0","WV","0","-0.212","0.376","0.811"
"Lanius_ludovicianus","-0.422","0","1","1","0","0","0","0","0","0","0","0","0","Ground gleaner","1","0","0","0","Solitary","1","0","0","PR","0","-0.292","0.015","0.179"
"Larus_delawarensis","0.317","0","0","1","1","1","1","1","0","0","0","0","0","Ground gleaner","1","0","0","0","Aggregation","1","0","0","WV","0","-0.493","-1.581","-1.536"
"Limnodromus_scolopaceus","-0.315","0","0","1","0","0","1","0","1","0","1","0","0","Prober","1","0","0","0","Bonded","1","0","1","WV","0","-0.503","-0.33","0.135"
"Lophodytes_cucullatus","0.682","0","0","1","0","1","1","1","0","0","0","0","0","Surface diver","1","0","0","0","Bonded","1","0","0","WV","0","-0.447","-1.018","0.053"
"Loxia_curvirostra","-0.442","0","0","0","0","0","0","0","1","0","0","0","0","Foliage gleaner","0","0","1","0","Bonded","1","0","0","WV","1","-0.364","-0.339","0.196"
"Megaceryle_alcyon","-0.247","0","0","0","0","0","0","1","0","0","0","0","0","Water plunger","1","0","0","0","Solitary","1","0","0","WV","0","-0.158","0.127","0.536"
"Melospiza_georgiana","-0.477","0","0","1","0","0","0","0","1","1","0","0","0","Ground gleaner","1","0","0","0","Aggregation","1","0","0","WV","0","-0.524","0.999","0.016"
"Melospiza_lincolnii","-0.476","0","0","1","0","0","0","0","1","1","0","0","0","Ground gleaner","1","0","0","0","Solitary","1","0","0","WV","0","-0.409","1.025","-0.338"
"Melospiza_melodia","-0.471","0","0","1","0","0","0","0","1","1","0","0","0","Ground gleaner","1","0","0","0","Solitary","1","0","0","WV","0","-0.093","0.528","0.693"
"Melozone_fusca","-0.428","0","0","1","0","0","0","0","1","1","0","0","0","Ground gleaner","1","0","0","0","Solitary","1","0","0","PR","0","0.341","0.062","0.419"
"Mergus_merganser","1.645","0","0","1","0","1","1","1","0","0","0","0","0","Surface diver","1","0","0","0","Solitary","1","0","0","WV","0","-0.225","-1.05","0.198"
"Mimus_polyglottos","-0.421","0","0","1","0","0","0","0","0","1","0","0","0","Ground gleaner","1","0","0","0","Pair","1","0","0","PR","0","0.025","-0.203","-0.483"
"Mniotilta_varia","-0.486","0","0","1","0","0","0","0","0","0","0","0","0","Bark gleaner","0","0","1","0","Solitary","1","0","0","T","0","-0.224","1.619","0.81"
"Molothrus_aeneus","-0.406","0","0","1","0","0","0","0","1","0","0","0","0","Ground gleaner","1","0","0","0","Aggregation","1","0","0","SR","0","0.287","1.567","1.112"
"Molothrus_ater","-0.439","0","0","1","0","0","0","0","1","0","0","0","0","Ground gleaner","1","0","0","0","Aggregation","1","0","0","SR","0","-0.292","1.202","-0.844"
"Myiarchus_cinerascens","-0.456","0","0","1","0","0","0","0","0","1","0","0","0","Air sallier","0","1","0","0","Solitary","1","0","0","SR","0","-0.285","-0.14","-0.987"
"Myioborus_pictus","-0.488","0","0","1","0","0","0","0","0","0","0","0","1","Bark gleaner","0","0","1","0","Solitary","1","0","0","T","0","-0.024","0.004","-0.366"
"Numenius_americanus","0.615","0","0","1","1","1","1","0","0","0","0","0","0","Prober","1","0","0","0","Aggregation","1","0","1","WV","0","1.067","-1.312","-0.094"
"Nycticorax_nycticorax","0.909","0","0","1","0","1","0","1","0","0","0","0","0","Stalker and striker","1","0","0","0","Solitary","1","0","1","PR","0","-0.487","-1.025","-0.147"
"Oreoscoptes_montanus","-0.428","0","0","1","0","0","0","0","1","1","0","0","0","Ground gleaner","1","0","0","0","Solitary","1","0","0","WV","0","-0.493","-0.751","-0.306"
"Oreothlypis_celata","-0.49","0","0","1","0","0","0","0","0","1","0","1","0","Foliage gleaner","0","0","1","0","Solitary","1","0","0","WV","0","-0.311","1.615","0.02"
"Oreothlypis_ruficapilla","-0.492","0","0","1","0","0","0","0","0","1","0","0","0","Foliage gleaner","0","0","1","0","Solitary","1","0","0","T","0","-0.147","1.664","0.139"
"Oreothlypis_virginiae","-0.491","0","0","1","0","0","0","0","0","0","0","0","0","Foliage gleaner","0","1","0","0","Aggregation","1","0","0","SR","0","-0.465","1.882","0.26"
"Oxyura_jamaicensis","0.521","0","0","1","1","1","1","0","1","0","0","0","0","Surface diver","1","0","0","0","Aggregation","1","0","1","PR","0","-0.485","-1.702","-1.839"
"Pandion_haliaetus","2.232","0","0","0","0","0","0","1","0","0","0","0","0","Water foot-plunger","1","0","0","0","Solitary","1","0","0","T","0","4.02","0.076","1.346"
"Parabuteo_unicinctus","1.237","0","1","0","0","0","0","0","0","0","0","0","0","Low patrol","1","0","0","0","Solitary","1","0","0","T","0","2.153","-0.169","0.159"
"Parkesia_noveboracensis","-0.477","0","0","1","0","1","1","0","0","0","0","0","0","Ground hawker","1","0","0","0","Solitary","1","0","0","T","0","-0.513","0.885","-0.688"
"Passer_domesticus","-0.458","0","0","1","0","0","0","0","1","1","0","0","0","Ground gleaner","1","0","0","0","Aggregation","1","0","0","PR","0","-0.335","0.669","0.271"
"Passerculus_sandwichensis","-0.471","0","0","1","0","0","0","0","1","1","0","0","0","Ground gleaner","1","0","0","0","Aggregation","1","0","0","WV","0","-0.552","1.585","0.151"
"Passerina_caerulea","-0.458","0","0","1","0","0","0","0","1","0","0","0","0","Ground gleaner","1","0","0","0","Solitary","1","0","0","SR","0","-0.509","0.883","0.051"
"Passerina_ciris","-0.479","0","0","1","0","0","0","0","1","0","0","0","0","Ground gleaner","1","0","0","0","Bonded","1","0","0","T","0","-0.547","1.327","0.11"
"Pelecanus_erythrorhynchos","8.171","0","0","0","0","0","0","1","0","0","0","0","0","Surface dipper","1","0","0","0","Bonded","1","0","0","WV","0","-0.534","-1.264","0.002"
"Petrochelidon_fulva","-0.463","0","0","1","0","0","0","0","0","0","0","0","0","Air screener","0","0","0","1","Aggregation","1","0","0","SR","0","2.185","-0.316","1.155"
"Petrochelidon_pyrrhonota","-0.468","0","0","1","0","0","0","0","0","0","0","0","0","Air screener","0","0","0","1","Aggregation","1","0","0","SR","0","-0.447","0.12","0.311"
"Peucaea_cassinii","-0.472","0","0","1","0","0","0","0","1","0","0","0","0","Ground gleaner","1","0","0","0","Bonded","1","0","0","SR","0","-0.483","3.09","-1.468"
"Phainopepla_nitens","-0.467","0","0","1","0","0","0","0","0","1","0","0","0","Foliage gleaner","0","0","1","0","Bonded","1","0","0","PR","0","-0.131","-0.613","-0.878"
"Phalacrocorax_auritus","2.691","0","0","0","0","0","0","1","0","0","0","0","0","Surface diver","1","0","0","0","Aggregation","1","0","0","PR","0","-0.356","-1.487","-1.654"
"Phalacrocorax_brasilianus","1.687","0","0","0","0","0","0","1","0","0","0","0","0","Surface diver","1","0","0","0","Aggregation","1","0","0","PR","0","-0.478","-1.313","-0.03"
"Phalaenoptilus_nuttallii","-0.419","0","0","1","0","0","0","0","0","0","0","0","0","Air screener","0","1","0","0","Aggregation","0","0","1","SR","0","9.414","-1.117","-0.084"
"Phalaropus_tricolor","-0.387","0","0","1","0","0","0","0","1","0","0","0","0","Surface dipper","1","0","0","0","Bonded","1","0","0","T","0","-0.461","-0.742","0.496"
"Pheucticus_melanocephalus","-0.421","0","0","1","0","0","0","0","1","0","0","0","0","Foliage gleaner","0","0","1","0","Pair","1","0","0","T","0","1.32","-0.456","0.677"
"Picoides_scalaris","-0.452","0","0","1","0","0","0","0","0","1","0","0","0","Bark gleaner","0","1","0","0","Solitary","1","0","0","PR","0","-0.029","0.959","1"
"Pipilo_chlorurus","-0.454","0","0","1","0","0","0","0","0","1","1","0","0","Ground gleaner","1","0","0","0","Aggregation","1","0","0","WV","0","0.035","0.095","0.594"
"Pipilo_maculatus","-0.437","0","0","1","0","0","0","0","0","1","1","0","0","Ground gleaner","1","0","0","0","Aggregation","1","0","0","WV","0","-0.189","-0.223","0.419"
"Piranga_ludoviciana","-0.456","0","0","1","0","0","0","0","0","0","1","0","0","Foliage gleaner","0","0","1","0","Solitary","1","0","0","T","0","-0.383","-0.11","-0.116"
"Piranga_rubra","-0.456","0","0","1","0","0","0","0","0","0","1","0","0","Foliage gleaner","0","0","1","0","Solitary","1","0","0","SR","0","-0.376","-0.603","-0.023"
"Plegadis_chihi","0.448","0","0","1","0","1","1","0","1","0","0","0","0","Prober","1","0","0","0","Aggregation","1","0","0","T","0","-0.422","-1.211","-0.544"
"Podiceps_nigricollis","0.148","0","0","1","0","1","1","1","0","0","0","0","0","Surface diver","1","0","0","0","Aggregation","1","0","0","WV","0","-0.162","-0.335","0.774"
"Podilymbus_podiceps","0.12","0","0","1","0","1","1","1","0","0","0","0","0","Surface diver","1","0","0","0","Aggregation","1","0","0","PR","0","2.593","-0.547","1.605"
"Polioptila_caerulea","-0.495","0","0","1","0","0","0","0","0","0","0","0","0","Foliage gleaner","0","1","0","0","Aggregation","1","0","0","WV","0","-0.408","1.461","0.785"
"Polioptila_melanura","-0.496","0","0","1","0","0","0","0","0","0","0","0","0","Foliage gleaner","0","1","0","0","Pair","1","0","0","PR","0","0.24","0.03","0.458"
"Pooecetes_gramineus","-0.462","0","0","1","0","0","0","0","1","0","0","0","0","Ground gleaner","1","0","0","0","Aggregation","1","0","0","WV","0","1.508","0.241","0.732"
"Porzana_carolina","-0.375","0","0","1","0","1","1","0","1","1","0","0","0","Ground gleaner","1","0","0","0","Solitary","1","0","0","WV","0","0.272","-0.645","-0.2"
"Pyrocephalus_rubinus","-0.48","0","0","1","0","0","0","0","0","0","0","0","0","Air sallier","0","1","0","0","Solitary","1","0","0","WV","0","-0.49","0.642","-0.668"
"Quiscalus_mexicanus","-0.303","0","0","1","0","0","0","0","1","1","0","0","0","Ground forager","1","0","0","0","Aggregation","1","0","0","PR","0","-0.42","-0.027","0.753"
"Recurvirostra_americana","0.022","0","0","1","1","1","1","0","0","0","0","0","0","Prober","1","0","0","0","Aggregation","1","0","0","T","0","-0.51","-1.011","0.47"
"Regulus_calendula","-0.495","0","0","1","0","0","0","0","0","0","0","0","0","Foliage gleaner","0","0","1","0","Aggregation","1","0","0","WV","0","-0.515","0.98","1.666"
"Riparia_riparia","-0.481","0","0","1","0","0","0","0","0","0","0","0","0","Air screener","0","0","0","1","Aggregation","1","0","0","T","0","-0.376","0.309","0.877"
"Salpinctes_obsoletus","-0.477","0","0","1","0","0","0","0","0","0","0","0","0","Ground gleaner","1","0","0","0","Pair","1","0","0","PR","0","0.267","1.061","0.477"
"Sayornis_nigricans","-0.474","0","0","1","0","0","0","0","0","0","0","0","0","Air sallier","0","1","0","0","Solitary","1","0","0","PR","0","-0.281","0.373","-0.056"
"Sayornis_phoebe","-0.471","0","0","1","0","0","0","0","0","0","0","0","0","Air sallier","0","1","0","0","Solitary","1","0","0","WV","0","-0.46","0.517","-0.269"
"Sayornis_saya","-0.469","0","0","1","0","0","0","0","0","0","0","0","0","Air sallier","0","1","0","0","Solitary","1","0","0","PR","0","-0.096","-0.239","-0.703"
"Selasphorus_platycercus","-0.499","0","0","1","0","0","0","0","0","0","0","1","0","Hover and gleaner","0","1","0","0","Solitary","1","0","0","T","0","-0.289","0.965","-0.754"
"Selasphorus_rufus","-0.499","0","0","1","0","0","0","0","0","0","0","1","0","Hover and gleaner","0","1","0","0","Solitary","1","0","0","T","0","-0.49","2.4","1.203"
"Setophaga_citrina","-0.487","0","0","1","0","0","0","0","0","0","0","0","0","Foliage gleaner","0","1","0","0","Solitary","1","0","0","T","0","-0.523","1.29","-0.224"
"Setophaga_coronata","-0.485","0","0","1","0","0","0","0","0","1","0","0","0","Foliage gleaner","0","0","1","0","Aggregation","1","0","0","WV","0","-0.52","0.689","0.944"
"Setophaga_graciae","-0.491","0","0","1","0","0","0","0","0","0","0","0","0","Foliage gleaner","0","0","1","0","Solitary","1","0","0","T","0","-0.523","1.553","0.292"
"Setophaga_nigrescens","-0.49","0","0","1","0","0","0","0","0","0","0","0","0","Foliage gleaner","0","0","1","0","Aggregation","1","0","0","T","0","-0.515","1.333","1.099"
"Setophaga_occidentalis","-0.487","0","0","1","0","0","0","0","0","0","0","0","0","Foliage gleaner","0","0","1","0","Solitary","1","0","0","T","0","-0.426","2.008","0.638"
"Setophaga_petechia","-0.488","0","0","1","0","0","0","0","0","0","0","0","0","Foliage gleaner","0","0","1","0","Aggregation","1","0","0","T","0","-0.511","0.032","0.01"
"Setophaga_pinus","-0.485","0","0","1","0","0","0","0","1","1","0","0","0","Foliage gleaner","0","0","1","0","Solitary","1","0","0","WV","0","-0.554","0.098","-2.092"
"Setophaga_ruticilla","-0.491","0","0","1","0","0","0","0","0","0","0","0","0","Foliage gleaner","0","0","1","0","Solitary","1","0","0","T","0","-0.491","1.615","0.28"
"Setophaga_townsendi","-0.49","0","0","1","0","0","0","0","0","0","0","0","0","Foliage gleaner","0","0","1","0","Aggregation","1","0","0","T","0","-0.423","1.666","0.299"
"Sialia_currucoides","-0.454","0","0","1","0","0","0","0","1","1","0","0","0","Foliage gleaner","0","1","0","0","Aggregation","1","0","0","WV","1","-0.519","-0.98","-2.067"
"Sialia_mexicana","-0.458","0","0","1","0","0","0","0","1","1","0","0","0","Foliage gleaner","0","1","0","0","Aggregation","1","0","0","WV","1","-0.524","-0.6","-1.074"
"Sialia_sialis","-0.457","0","0","1","0","0","0","0","1","1","0","0","0","Foliage gleaner","0","1","0","0","Aggregation","1","0","0","WV","1","-0.461","0.293","1.133"
"Sitta_canadensis","-0.488","0","0","1","0","0","0","0","1","0","0","0","0","Bark gleaner","0","0","1","0","Aggregation","1","0","0","WV","1","-0.426","-0.541","-2.056"
"Sitta_carolinensis","-0.469","0","0","1","0","0","0","0","1","0","0","0","0","Bark gleaner","0","0","1","0","Aggregation","1","0","0","WV","0","-0.469","-0.78","-1.27"
"Sphyrapicus_nuchalis","-0.425","0","0","1","0","0","0","0","0","0","0","0","1","Bark gleaner","0","0","1","0","Solitary","1","0","0","WV","0","-0.301","0.171","1.124"
"Sphyrapicus_thyroideus","-0.422","0","0","1","0","0","0","0","0","0","0","0","1","Bark gleaner","0","0","1","0","Solitary","1","0","0","WV","0","0.313","-0.953","0.176"
"Sphyrapicus_varius","-0.418","0","0","1","0","0","0","0","0","0","0","0","1","Bark gleaner","0","0","1","0","Solitary","1","0","0","WV","0","3.791","-0.387","1.298"
"Spinus_pinus","-0.483","0","0","1","0","0","0","0","1","1","0","0","0","Foliage gleaner","0","1","0","0","Aggregation","1","0","0","WV","1","-0.286","0.968","0.213"
"Spinus_psaltria","-0.489","0","0","1","0","0","0","0","1","1","0","0","0","Foliage gleaner","0","1","0","0","Aggregation","1","0","0","PR","0","-0.122","1.034","0.063"
"Spinus_tristis","-0.484","0","0","1","0","0","0","0","1","1","0","0","0","Foliage gleaner","0","1","0","0","Aggregation","1","0","0","WV","0","-0.051","0.742","0.757"
"Spizella_atrogularis","-0.486","0","0","1","0","0","0","0","1","1","0","0","0","Ground gleaner","1","0","0","0","Aggregation","1","0","0","WV","0","-0.51","1.365","1.121"
"Spizella_breweri","-0.486","0","0","1","0","0","0","0","1","1","0","0","0","Ground gleaner","1","0","0","0","Aggregation","1","0","0","WV","0","-0.476","3.349","-0.766"
"Spizella_pallida","-0.486","0","0","1","0","0","0","0","1","1","0","0","0","Ground gleaner","1","0","0","0","Aggregation","1","0","0","T","0","-0.525","2.752","-0.699"
"Spizella_passerina","-0.484","0","0","1","0","0","0","0","1","1","0","0","0","Ground gleaner","1","0","0","0","Aggregation","1","0","0","WV","0","-0.534","3.263","0.372"
"Stelgidopteryx_serripennis","-0.478","0","0","1","0","0","0","0","0","0","0","0","0","Air screener","0","0","0","1","Aggregation","1","0","0","SR","0","-0.479","0.374","0.766"
"Streptopelia_decaocto","-0.251","0","0","0","0","0","0","0","1","1","1","0","0","Ground gleaner","1","0","0","0","Solitary","1","0","0","PR","0","-0.128","-1.915","-3.72"
"Sturnella_magna","-0.373","0","0","1","0","0","0","0","0","1","0","0","0","Ground gleaner","1","0","0","0","Aggregation","1","0","0","WV","0","-0.492","0.232","-1.161"
"Sturnella_neglecta","-0.349","0","0","1","0","0","0","0","0","1","0","0","0","Ground gleaner","1","0","0","0","Solitary","1","0","0","PR","0","0.665","-0.775","-0.656"
"Sturnus_vulgaris","-0.358","0","0","1","0","0","0","0","1","1","0","0","0","Ground forager","1","0","0","0","Bonded","1","0","0","PR","0","-0.317","1.092","0.074"
"Tachycineta_bicolor","-0.468","0","0","1","0","0","0","0","0","0","0","0","0","Air screener","0","0","0","1","Aggregation","1","0","0","T","0","-0.476","0.346","0.342"
"Tachycineta_thalassina","-0.481","0","0","1","0","0","0","0","0","0","0","0","0","Air screener","0","0","0","1","Aggregation","1","0","0","SR","0","-0.527","0.454","0.434"
"Thryomanes_bewickii","-0.488","0","0","1","0","0","0","0","0","0","0","0","0","Foliage gleaner","0","1","0","0","Aggregation","1","0","0","WV","0","-0.062","-0.149","-0.09"
"Toxostoma_crissale","-0.396","0","0","1","0","0","0","0","1","1","0","0","0","Ground gleaner","1","0","0","0","Aggregation","1","0","0","PR","0","1.084","-0.31","1.11"
"Toxostoma_curvirostre","-0.357","0","0","1","0","0","0","0","0","1","1","0","0","Ground gleaner","1","0","0","0","Aggregation","1","0","0","PR","0","1.519","-0.687","0.609"
"Tringa_flavipes","-0.37","0","0","1","1","1","1","1","0","0","0","0","0","Prober","1","0","0","0","Aggregation","1","0","1","T","0","2.136","-0.07","1.403"
"Tringa_melanoleuca","-0.207","0","0","1","1","1","1","1","0","0","0","0","0","Prober","1","0","0","0","Aggregation","1","0","1","WV","0","-0.266","-0.143","0.701"
"Tringa_solitaria","-0.421","0","0","1","1","1","1","0","0","0","0","0","0","Prober","1","0","0","0","Solitary","1","0","1","T","0","0.549","-0.342","1.288"
"Troglodytes_aedon","-0.486","0","0","1","0","0","0","0","0","0","0","0","0","Foliage gleaner","0","1","0","0","Aggregation","1","0","0","WV","0","-0.38","0.566","0.375"
"Turdus_migratorius","-0.368","0","0","1","0","0","0","0","0","1","0","0","0","Ground gleaner","1","0","0","0","Bonded","1","0","0","PR","0","2.601","-0.592","-0.071"
"Tyrannus_melancholicus","-0.44","0","0","1","0","0","0","0","0","1","0","0","0","Air sallier","0","0","1","0","Solitary","1","0","0","T","0","0.011","0.49","-0.218"
"Tyrannus_verticalis","-0.436","0","0","1","0","0","0","0","0","1","0","0","0","Air sallier","0","0","1","0","Solitary","1","0","0","SR","0","-0.518","-0.109","0.018"
"Tyto_alba","0.141","0","0","1","0","0","0","0","0","0","0","0","0","Low patrol","1","0","0","0","Solitary","0","0","1","PR","0","-0.543","0.822","1.164"
"Vireo_bellii","-0.491","0","0","1","0","0","0","0","0","0","1","0","0","Foliage gleaner","0","1","0","0","Aggregation","1","0","0","SR","0","0.188","0.389","0.837"
"Vireo_cassinii","-0.48","0","0","1","0","0","0","0","0","0","1","0","0","Foliage gleaner","0","0","1","0","Solitary","1","0","0","T","0","-0.138","0.459","0.79"
"Vireo_gilvus","-0.485","0","0","1","0","0","0","0","0","0","1","0","0","Foliage gleaner","0","0","1","0","Solitary","1","0","0","T","0","0.014","0.452","0.342"
"Vireo_plumbeus","-0.477","0","0","1","0","0","0","0","0","0","1","0","0","Foliage gleaner","0","0","1","0","Solitary","1","0","0","T","0","1.265","0.436","1.264"
"Vireo_solitarius","-0.479","0","0","1","0","0","0","0","0","0","1","0","0","Foliage gleaner","0","0","1","0","Solitary","1","0","0","WV","0","-0.329","-0.013","0.696"
"Xanthocephalus_xanthocephalus","-0.419","0","0","1","0","0","0","0","1","0","0","0","0","Ground gleaner","1","0","0","0","Aggregation","1","0","0","WV","0","-0.455","-0.84","-0.071"
"Zenaida_asiatica","-0.238","0","0","0","0","0","0","0","1","1","0","0","0","Ground gleaner","1","0","0","0","Aggregation","1","0","0","PR","0","0.061","-1.751","-2.575"
"Zenaida_macroura","-0.305","0","0","0","0","0","0","0","1","1","0","0","0","Ground gleaner","1","0","0","0","Aggregation","1","0","0","PR","0","-0.003","-1.891","-4.567"
"Zonotrichia_leucophrys","-0.456","0","0","1","0","0","0","0","1","1","0","0","0","Ground gleaner","1","0","0","0","Aggregation","1","0","0","WV","0","-0.538","0.83","-1.167"
